[{"model": "contenttypes.contenttype", "pk": 1, "fields": {"app_label": "admin", "model": "logentry"}}, {"model": "contenttypes.contenttype", "pk": 2, "fields": {"app_label": "auth", "model": "permission"}}, {"model": "contenttypes.contenttype", "pk": 3, "fields": {"app_label": "auth", "model": "group"}}, {"model": "contenttypes.contenttype", "pk": 4, "fields": {"app_label": "auth", "model": "user"}}, {"model": "contenttypes.contenttype", "pk": 5, "fields": {"app_label": "contenttypes", "model": "contenttype"}}, {"model": "contenttypes.contenttype", "pk": 6, "fields": {"app_label": "sessions", "model": "session"}}, {"model": "contenttypes.contenttype", "pk": 7, "fields": {"app_label": "taggit", "model": "tag"}}, {"model": "contenttypes.contenttype", "pk": 8, "fields": {"app_label": "taggit", "model": "taggeditem"}}, {"model": "contenttypes.contenttype", "pk": 9, "fields": {"app_label": "blog", "model": "post"}}, {"model": "contenttypes.contenttype", "pk": 10, "fields": {"app_label": "blog", "model": "comment"}}, {"model": "sessions.session", "pk": "7dceqadouxq9jquu75n53wgtp0hcwgha", "fields": {"session_data": "YTcyNTgzNWE5NWRiZjEwOTEzNGI0MzZjZDFkYTI5Njk2NDgwZjExZTp7Il9hdXRoX3VzZXJfaWQiOiIxIiwiX2F1dGhfdXNlcl9iYWNrZW5kIjoiZGphbmdvLmNvbnRyaWIuYXV0aC5iYWNrZW5kcy5Nb2RlbEJhY2tlbmQiLCJfYXV0aF91c2VyX2hhc2giOiJmYzAwYzA3NzExMTgyOTEwYzE2OGVjY2Q1NTU5MGIzZjdiNDc5ZDgwIn0=", "expire_date": "2017-09-10T07:50:24.238Z"}}, {"model": "taggit.tag", "pk": 1, "fields": {"name": "CSS", "slug": "css"}}, {"model": "taggit.tag", "pk": 2, "fields": {"name": "Learning", "slug": "learning"}}, {"model": "taggit.tag", "pk": 3, "fields": {"name": "Grid Garden", "slug": "grid-garden"}}, {"model": "taggit.tag", "pk": 4, "fields": {"name": "Flexbox", "slug": "flexbox"}}, {"model": "taggit.tag", "pk": 5, "fields": {"name": "FlexboxFroggy", "slug": "flexboxfroggy"}}, {"model": "taggit.tag", "pk": 6, "fields": {"name": "Bootswatch", "slug": "bootswatch"}}, {"model": "taggit.tag", "pk": 7, "fields": {"name": "API", "slug": "api"}}, {"model": "taggit.tag", "pk": 8, "fields": {"name": "FontCDN", "slug": "fontcdn"}}, {"model": "taggit.tag", "pk": 9, "fields": {"name": "Google Web Fonts", "slug": "google-web-fonts"}}, {"model": "taggit.tag", "pk": 10, "fields": {"name": "Merchandise", "slug": "merchandise"}}, {"model": "taggit.tag", "pk": 11, "fields": {"name": "Paper", "slug": "paper"}}, {"model": "taggit.tag", "pk": 12, "fields": {"name": "Sandstone", "slug": "sandstone"}}, {"model": "taggit.tag", "pk": 13, "fields": {"name": "New Themes", "slug": "new-themes"}}, {"model": "taggit.tag", "pk": 14, "fields": {"name": "Bootstrap", "slug": "bootstrap"}}, {"model": "taggit.tag", "pk": 15, "fields": {"name": "Christoffer Niska", "slug": "christoffer-niska"}}, {"model": "taggit.tag", "pk": 16, "fields": {"name": "June 27", "slug": "june-27"}}, {"model": "taggit.tag", "pk": 17, "fields": {"name": "Win", "slug": "win"}}, {"model": "taggit.tag", "pk": 18, "fields": {"name": "Snippets", "slug": "snippets"}}, {"model": "taggit.tag", "pk": 19, "fields": {"name": "HTML", "slug": "html"}}, {"model": "taggit.tag", "pk": 20, "fields": {"name": "Yeti", "slug": "yeti"}}, {"model": "taggit.tag", "pk": 21, "fields": {"name": "LESS", "slug": "less"}}, {"model": "taggit.tag", "pk": 22, "fields": {"name": "Bootswatch 3.0", "slug": "bootswatch-30"}}, {"model": "taggit.tag", "pk": 23, "fields": {"name": "Year 1", "slug": "year-1"}}, {"model": "taggit.tag", "pk": 24, "fields": {"name": "Cosmo", "slug": "cosmo"}}, {"model": "taggit.tag", "pk": 25, "fields": {"name": "Caveats", "slug": "caveats"}}, {"model": "taggit.tag", "pk": 26, "fields": {"name": "Alpha 6", "slug": "alpha-6"}}, {"model": "taggit.tag", "pk": 27, "fields": {"name": "Responsive", "slug": "responsive"}}, {"model": "taggit.tag", "pk": 28, "fields": {"name": "media query", "slug": "media-query"}}, {"model": "taggit.tag", "pk": 30, "fields": {"name": "flexbox", "slug": "flexbox_1"}}, {"model": "taggit.tag", "pk": 31, "fields": {"name": "Alpha 5", "slug": "alpha-5"}}, {"model": "taggit.tag", "pk": 32, "fields": {"name": "Navbar", "slug": "navbar"}}, {"model": "taggit.taggeditem", "pk": 1, "fields": {"tag": 1, "content_type": 9, "object_id": 1}}, {"model": "taggit.taggeditem", "pk": 2, "fields": {"tag": 2, "content_type": 9, "object_id": 1}}, {"model": "taggit.taggeditem", "pk": 3, "fields": {"tag": 3, "content_type": 9, "object_id": 1}}, {"model": "taggit.taggeditem", "pk": 4, "fields": {"tag": 1, "content_type": 9, "object_id": 2}}, {"model": "taggit.taggeditem", "pk": 5, "fields": {"tag": 4, "content_type": 9, "object_id": 2}}, {"model": "taggit.taggeditem", "pk": 6, "fields": {"tag": 5, "content_type": 9, "object_id": 2}}, {"model": "taggit.taggeditem", "pk": 7, "fields": {"tag": 6, "content_type": 9, "object_id": 3}}, {"model": "taggit.taggeditem", "pk": 8, "fields": {"tag": 7, "content_type": 9, "object_id": 3}}, {"model": "taggit.taggeditem", "pk": 9, "fields": {"tag": 8, "content_type": 9, "object_id": 4}}, {"model": "taggit.taggeditem", "pk": 10, "fields": {"tag": 9, "content_type": 9, "object_id": 4}}, {"model": "taggit.taggeditem", "pk": 11, "fields": {"tag": 10, "content_type": 9, "object_id": 5}}, {"model": "taggit.taggeditem", "pk": 12, "fields": {"tag": 6, "content_type": 9, "object_id": 5}}, {"model": "taggit.taggeditem", "pk": 13, "fields": {"tag": 11, "content_type": 9, "object_id": 6}}, {"model": "taggit.taggeditem", "pk": 14, "fields": {"tag": 12, "content_type": 9, "object_id": 6}}, {"model": "taggit.taggeditem", "pk": 15, "fields": {"tag": 13, "content_type": 9, "object_id": 6}}, {"model": "taggit.taggeditem", "pk": 16, "fields": {"tag": 6, "content_type": 9, "object_id": 6}}, {"model": "taggit.taggeditem", "pk": 17, "fields": {"tag": 14, "content_type": 9, "object_id": 7}}, {"model": "taggit.taggeditem", "pk": 18, "fields": {"tag": 6, "content_type": 9, "object_id": 7}}, {"model": "taggit.taggeditem", "pk": 19, "fields": {"tag": 15, "content_type": 9, "object_id": 7}}, {"model": "taggit.taggeditem", "pk": 20, "fields": {"tag": 16, "content_type": 9, "object_id": 8}}, {"model": "taggit.taggeditem", "pk": 21, "fields": {"tag": 17, "content_type": 9, "object_id": 8}}, {"model": "taggit.taggeditem", "pk": 22, "fields": {"tag": 14, "content_type": 9, "object_id": 8}}, {"model": "taggit.taggeditem", "pk": 23, "fields": {"tag": 18, "content_type": 9, "object_id": 9}}, {"model": "taggit.taggeditem", "pk": 24, "fields": {"tag": 19, "content_type": 9, "object_id": 9}}, {"model": "taggit.taggeditem", "pk": 25, "fields": {"tag": 6, "content_type": 9, "object_id": 9}}, {"model": "taggit.taggeditem", "pk": 26, "fields": {"tag": 20, "content_type": 9, "object_id": 10}}, {"model": "taggit.taggeditem", "pk": 27, "fields": {"tag": 14, "content_type": 9, "object_id": 10}}, {"model": "taggit.taggeditem", "pk": 28, "fields": {"tag": 1, "content_type": 9, "object_id": 11}}, {"model": "taggit.taggeditem", "pk": 29, "fields": {"tag": 21, "content_type": 9, "object_id": 11}}, {"model": "taggit.taggeditem", "pk": 30, "fields": {"tag": 14, "content_type": 9, "object_id": 11}}, {"model": "taggit.taggeditem", "pk": 31, "fields": {"tag": 6, "content_type": 9, "object_id": 12}}, {"model": "taggit.taggeditem", "pk": 32, "fields": {"tag": 22, "content_type": 9, "object_id": 12}}, {"model": "taggit.taggeditem", "pk": 33, "fields": {"tag": 21, "content_type": 9, "object_id": 13}}, {"model": "taggit.taggeditem", "pk": 34, "fields": {"tag": 6, "content_type": 9, "object_id": 13}}, {"model": "taggit.taggeditem", "pk": 35, "fields": {"tag": 23, "content_type": 9, "object_id": 13}}, {"model": "taggit.taggeditem", "pk": 36, "fields": {"tag": 24, "content_type": 9, "object_id": 14}}, {"model": "taggit.taggeditem", "pk": 37, "fields": {"tag": 14, "content_type": 9, "object_id": 14}}, {"model": "taggit.taggeditem", "pk": 38, "fields": {"tag": 25, "content_type": 9, "object_id": 15}}, {"model": "taggit.taggeditem", "pk": 39, "fields": {"tag": 14, "content_type": 9, "object_id": 15}}, {"model": "taggit.taggeditem", "pk": 40, "fields": {"tag": 14, "content_type": 9, "object_id": 16}}, {"model": "taggit.taggeditem", "pk": 41, "fields": {"tag": 26, "content_type": 9, "object_id": 17}}, {"model": "taggit.taggeditem", "pk": 42, "fields": {"tag": 4, "content_type": 9, "object_id": 17}}, {"model": "taggit.taggeditem", "pk": 43, "fields": {"tag": 14, "content_type": 9, "object_id": 17}}, {"model": "taggit.taggeditem", "pk": 44, "fields": {"tag": 26, "content_type": 9, "object_id": 18}}, {"model": "taggit.taggeditem", "pk": 45, "fields": {"tag": 27, "content_type": 9, "object_id": 18}}, {"model": "taggit.taggeditem", "pk": 46, "fields": {"tag": 28, "content_type": 9, "object_id": 18}}, {"model": "taggit.taggeditem", "pk": 47, "fields": {"tag": 30, "content_type": 9, "object_id": 18}}, {"model": "taggit.taggeditem", "pk": 48, "fields": {"tag": 32, "content_type": 9, "object_id": 19}}, {"model": "taggit.taggeditem", "pk": 49, "fields": {"tag": 30, "content_type": 9, "object_id": 19}}, {"model": "taggit.taggeditem", "pk": 50, "fields": {"tag": 31, "content_type": 9, "object_id": 19}}, {"model": "taggit.taggeditem", "pk": 51, "fields": {"tag": 26, "content_type": 9, "object_id": 20}}, {"model": "taggit.taggeditem", "pk": 52, "fields": {"tag": 14, "content_type": 9, "object_id": 20}}, {"model": "blog.comment", "pk": 1, "fields": {"post": 17, "author": "John Doe", "text": "Option one is this.\r\nOption two can be something else.", "created_date": "2017-08-27T08:28:18.436Z", "approved_comment": true}}, {"model": "blog.comment", "pk": 2, "fields": {"post": 17, "author": "Bob", "text": "A longer block of help text that breaks onto a new line and may extend beyond one line", "created_date": "2017-08-27T08:28:30.522Z", "approved_comment": true}}, {"model": "blog.comment", "pk": 3, "fields": {"post": 17, "author": "Sara", "text": "This line of text is meant to be treated as fine print.\r\n\r\nThe following snippet of text is rendered as bold text.", "created_date": "2017-08-27T08:28:45.436Z", "approved_comment": true}}, {"model": "blog.comment", "pk": 4, "fields": {"post": 17, "author": "John Doe", "text": "Option one is this. A longer block of help text that breaks onto a new line and may extend beyond one line", "created_date": "2017-08-27T08:29:30.731Z", "approved_comment": false}}, {"model": "blog.comment", "pk": 5, "fields": {"post": 17, "author": "Sam", "text": "This line of text is meant to be treated as fine print.\r\n\r\nThe following snippet of text is rendered as bold text.", "created_date": "2017-08-27T08:29:50.605Z", "approved_comment": false}}, {"model": "blog.comment", "pk": 6, "fields": {"post": 18, "author": "John Doe", "text": "Option one is this.\r\nOption two can be something else.", "created_date": "2017-08-27T08:30:29.813Z", "approved_comment": true}}, {"model": "blog.comment", "pk": 7, "fields": {"post": 18, "author": "Bob", "text": "A longer block of help text that breaks onto a new line and may extend beyond one line", "created_date": "2017-08-27T08:30:43.519Z", "approved_comment": true}}, {"model": "blog.comment", "pk": 8, "fields": {"post": 18, "author": "Sara", "text": "This line of text is meant to be treated as fine print.\r\n\r\nThe following snippet of text is rendered as bold text.", "created_date": "2017-08-27T08:30:56.413Z", "approved_comment": true}}, {"model": "blog.comment", "pk": 9, "fields": {"post": 18, "author": "John Doe", "text": "Option one is this. A longer block of help text that breaks onto a new line and may extend beyond one line", "created_date": "2017-08-27T08:31:26.677Z", "approved_comment": false}}, {"model": "blog.comment", "pk": 10, "fields": {"post": 18, "author": "Sam", "text": "This line of text is meant to be treated as fine print.\r\n\r\nThe following snippet of text is rendered as bold text.", "created_date": "2017-08-27T08:31:38.921Z", "approved_comment": false}}, {"model": "auth.permission", "pk": 1, "fields": {"name": "Can add log entry", "content_type": 1, "codename": "add_logentry"}}, {"model": "auth.permission", "pk": 2, "fields": {"name": "Can change log entry", "content_type": 1, "codename": "change_logentry"}}, {"model": "auth.permission", "pk": 3, "fields": {"name": "Can delete log entry", "content_type": 1, "codename": "delete_logentry"}}, {"model": "auth.permission", "pk": 4, "fields": {"name": "Can add permission", "content_type": 2, "codename": "add_permission"}}, {"model": "auth.permission", "pk": 5, "fields": {"name": "Can change permission", "content_type": 2, "codename": "change_permission"}}, {"model": "auth.permission", "pk": 6, "fields": {"name": "Can delete permission", "content_type": 2, "codename": "delete_permission"}}, {"model": "auth.permission", "pk": 7, "fields": {"name": "Can add group", "content_type": 3, "codename": "add_group"}}, {"model": "auth.permission", "pk": 8, "fields": {"name": "Can change group", "content_type": 3, "codename": "change_group"}}, {"model": "auth.permission", "pk": 9, "fields": {"name": "Can delete group", "content_type": 3, "codename": "delete_group"}}, {"model": "auth.permission", "pk": 10, "fields": {"name": "Can add user", "content_type": 4, "codename": "add_user"}}, {"model": "auth.permission", "pk": 11, "fields": {"name": "Can change user", "content_type": 4, "codename": "change_user"}}, {"model": "auth.permission", "pk": 12, "fields": {"name": "Can delete user", "content_type": 4, "codename": "delete_user"}}, {"model": "auth.permission", "pk": 13, "fields": {"name": "Can add content type", "content_type": 5, "codename": "add_contenttype"}}, {"model": "auth.permission", "pk": 14, "fields": {"name": "Can change content type", "content_type": 5, "codename": "change_contenttype"}}, {"model": "auth.permission", "pk": 15, "fields": {"name": "Can delete content type", "content_type": 5, "codename": "delete_contenttype"}}, {"model": "auth.permission", "pk": 16, "fields": {"name": "Can add session", "content_type": 6, "codename": "add_session"}}, {"model": "auth.permission", "pk": 17, "fields": {"name": "Can change session", "content_type": 6, "codename": "change_session"}}, {"model": "auth.permission", "pk": 18, "fields": {"name": "Can delete session", "content_type": 6, "codename": "delete_session"}}, {"model": "auth.permission", "pk": 19, "fields": {"name": "Can add Tag", "content_type": 7, "codename": "add_tag"}}, {"model": "auth.permission", "pk": 20, "fields": {"name": "Can change Tag", "content_type": 7, "codename": "change_tag"}}, {"model": "auth.permission", "pk": 21, "fields": {"name": "Can delete Tag", "content_type": 7, "codename": "delete_tag"}}, {"model": "auth.permission", "pk": 22, "fields": {"name": "Can add Tagged Item", "content_type": 8, "codename": "add_taggeditem"}}, {"model": "auth.permission", "pk": 23, "fields": {"name": "Can change Tagged Item", "content_type": 8, "codename": "change_taggeditem"}}, {"model": "auth.permission", "pk": 24, "fields": {"name": "Can delete Tagged Item", "content_type": 8, "codename": "delete_taggeditem"}}, {"model": "auth.permission", "pk": 25, "fields": {"name": "Can add post", "content_type": 9, "codename": "add_post"}}, {"model": "auth.permission", "pk": 26, "fields": {"name": "Can change post", "content_type": 9, "codename": "change_post"}}, {"model": "auth.permission", "pk": 27, "fields": {"name": "Can delete post", "content_type": 9, "codename": "delete_post"}}, {"model": "auth.permission", "pk": 28, "fields": {"name": "Can add comment", "content_type": 10, "codename": "add_comment"}}, {"model": "auth.permission", "pk": 29, "fields": {"name": "Can change comment", "content_type": 10, "codename": "change_comment"}}, {"model": "auth.permission", "pk": 30, "fields": {"name": "Can delete comment", "content_type": 10, "codename": "delete_comment"}}, {"model": "auth.user", "pk": 1, "fields": {"password": "pbkdf2_sha256$36000$6I42URh2Lxrr$d366gL2m+8gNF63JLOsiwIEfNS/SZtbHzOTEfCgbYvg=", "last_login": "2017-08-27T09:49:35.987Z", "is_superuser": true, "username": "test", "first_name": "", "last_name": "", "email": "test@mail.com", "is_staff": true, "is_active": true, "date_joined": "2017-08-27T07:50:08.989Z", "groups": [], "user_permissions": []}}, {"model": "blog.post", "pk": 1, "fields": {"author": 1, "title": "Learn CSS Grid with Grid Garden", "text": "I\u2019ve released a new game for learning CSS grid called Grid Garden.\r\n\r\nCSS grid brings columns and many other powerful layout features that we\u2019ve relied on frameworks like Bootstrap for to native CSS! Browser support is on the upswing, with CSS grid landing in Firefox, Chrome, and Safari just last month.\r\n\r\nGrid Garden is a follow-up of sorts to Flexbox Froggy, which is a coding game for learning CSS flexbox, prominently used in version 4 of Bootstrap.\r\n\r\nWhether you use Bootstrap, another framework, or vanilla CSS, you\u2019ll want to be familiar with CSS grid. Dive into it with Grid Garden!", "created_date": "2017-08-27T08:13:36.414Z", "published_date": "2017-08-27T08:14:06.690Z"}}, {"model": "blog.post", "pk": 2, "fields": {"author": 1, "title": "Learn CSS Flexbox with Flexbox Froggy", "text": "I\u2019ve created a coding game called Flexbox Froggy to help you brush up on flexbox. If you haven\u2019t heard yet, flexbox is a powerful new CSS module for positioning that\u2019s available in browsers today, and that will debut in the next major update to Bootstrap. So you\u2019ll want to get familiar with it asap.\r\n\r\nSee if you can beat Flexbox Froggy! And for an extra challenge, try its spiritual sequel created by Channing Allen, Flexbox Defense.", "created_date": "2017-08-27T08:14:52.524Z", "published_date": "2017-08-27T08:14:58.489Z"}}, {"model": "blog.post", "pk": 3, "fields": {"author": 1, "title": "Changes to Bootswatch API", "text": "If you\u2019re using the Bootswatch API, please update your request to https://bootswatch.com/api/3.json. The old endpoint will cease to exist on December 16, 2015.\r\n\r\nUp to this point, the API has been made available through AppFog. However, they recently announced that they\u2019ll be retiring the free tier this December. Big thanks to AppFog for the service they provided.\r\n\r\nThe new URL is live, and as a bonus, available via https. More information at http://bootswatch.com/help/#api.", "created_date": "2017-08-27T08:15:29.371Z", "published_date": "2017-08-27T08:15:49.496Z"}}, {"model": "blog.post", "pk": 4, "fields": {"author": 1, "title": "Right Google Fonts for project with FontCDN", "text": "FontCDN is a new tool for those of us who love Google Fonts as a service, but want a faster way to grab the code we need. We built FontCDN so you can easily search their 700+ web fonts and quickly grab any font\u2019s HTML and CSS. \r\n\r\nFor more on the motivations behind FontCDN, check out the post A Better Way to Search Google Fonts. If you\u2019re interested in figuring out which platforms you should support when building tools for other web developers, check out the Bootswatch and GlyphSearch data presented in the post Developing for Web Developers.\r\n\r\nFontCDN is available at fontcdn.org.", "created_date": "2017-08-27T08:16:46.085Z", "published_date": "2017-08-27T08:16:53.441Z"}}, {"model": "blog.post", "pk": 5, "fields": {"author": 1, "title": "Giveaway: Bootswatch Merchandise", "text": "We\u2019re giving away Bootswatch merchandise this month! Three prize packs are up for grabs that include a t-shirt and stickers that feature the new logo.\r\n\r\nThere are two easy ways to enter the giveaway:\r\n\r\nFollow @bootswatch on Twitter.\r\nTweet about Bootswatch\r\nYou\u2019re welcome to do both to double your chances. Winners will be picked at the end of September.\r\n\r\nT-shirts and stickers are also available for purchase, if you\u2019d like to show your love for the project. Several t-shirt designs are available based on themes including Cyborg, Flatly, and Slate (pictured above). Head over to the Support page for more details.", "created_date": "2017-08-27T08:17:23.381Z", "published_date": "2017-08-27T08:17:29.157Z"}}, {"model": "blog.post", "pk": 6, "fields": {"author": 1, "title": "New Themes: Paper and Sandstone", "text": "Two new themes have been added to the Bootswatch library: Paper and Sandstone.\r\n\r\nPaper takes inspiration from Google's material design manifesto. Features include animated form inputs and tabs, as well as progress bars with matching background colors. No button click animations yet, but if you\u2019re up to the task of recreating them with CSS only, please contribute.\r\n\r\nSandstone offers a warmer palette of tans, browns, and greens in this cold world of blues and grays.\r\n\r\nBut Bootswatch giveth, and Bootswatch taketh away \u2014 Amelia has been deprecated. For now, you can still access it directly here and through the API, but it will be removed in the next update.", "created_date": "2017-08-27T08:18:12.445Z", "published_date": "2017-08-27T08:18:19.036Z"}}, {"model": "blog.post", "pk": 7, "fields": {"author": 1, "title": "Win one of 5 copies of the ebook Extending Bootstrap", "text": "Bootswatch is giving away five copies of Extending Bootstrap by Christoffer Niska.\r\n\r\nExtending Bootstrap covers more advanced ground compared to Packt\u2019s previous offering, Twitter Bootstrap Web Development How-To. Topics include when and how to apply Bootstrap themes, make custom builds using LESS and Grunt, and create custom JavaScript plugins. It touches on some similar topics as my Smashing Magazine article on customizing Bootstrap, but adds highly guided walkthroughs and examples.\r\n\r\nTo find out more about the book, visit the publisher site or Amazon.", "created_date": "2017-08-27T08:18:57.094Z", "published_date": "2017-08-27T08:19:03.384Z"}}, {"model": "blog.post", "pk": 8, "fields": {"author": 1, "title": "Enter to Win", "text": "Five lucky entrants will win an ebook copy of Extending Bootstrap. Enter to win using the form below by Friday, June 27.\r\n\r\nWinners will be selected at random. Please do not submit multiple entries. Your email address will be used for this contest and nothing else.\r\n\r\nDon\u2019t forget to tell your friends and colleagues about this giveaway, and subscribe by RSS or email to get future updates. Good luck!", "created_date": "2017-08-27T08:19:40.709Z", "published_date": "2017-08-27T08:19:44.800Z"}}, {"model": "blog.post", "pk": 9, "fields": {"author": 1, "title": "Grab HTML Snippets from Bootswatch", "text": "Now it\u2019s quicker than ever to grab HTML snippets from Bootswatch. Simply hover over a component, click the button in the top-right corner, and copy code from the handy-dandy modal. No need to pull up the dev tools or consult the docs. Try it out now with Lumen.\r\n\r\nIs there a Bootstrap component you\u2019d like added to the preview pages? Spot a bug with this feature? File an issue, send me a tweet, or drop me an email.\r\n\r\nWhile we\u2019re on the subject of Bootstrap markup, two resources worth checking out are Bootsnipp, a collection of HTML snippets, and Start Bootstrap, free starter templates for your next site.", "created_date": "2017-08-27T08:20:23.799Z", "published_date": "2017-08-27T08:20:29.926Z"}}, {"model": "blog.post", "pk": 10, "fields": {"author": 1, "title": "Yeti Bootstrap theme inspired by Foundation", "text": "Looks like we got some Foundation in our Bootstrap!\r\n\r\nFoundation, if you haven\u2019t heard, is a front-end framework similar to Bootstrap. Zurb has been doing an amazing job with Foundation for a very long time, and have just hit version 5. If you haven\u2019t checked it out, do it now. Seriously.\r\n\r\nI\u2019ve always been a fan of Foundation\u2019s styles, and their latest milestone inspired me to salute them with a new Bootstrap theme called Yeti.\r\n\r\nAside from obvious features like the color palette and typography, Foundation sports some little touches that Yeti brings over to Bootstrap. For instance, when a dropdown menu is used in a navbar or button, it inherits the styles. Yeti also has minimalist paginations and progress bars that haven\u2019t been seen in a Bootswatch theme before.\r\n\r\nSo without further ado, here is Yeti.", "created_date": "2017-08-27T08:20:51.526Z", "published_date": "2017-08-27T08:20:58.298Z"}}, {"model": "blog.post", "pk": 11, "fields": {"author": 1, "title": "Easier to Customize", "text": "Bootstrap 3 is much easier to theme. If you\u2019re digging into the LESS, B3 offers more variables that propagate to multiple components in a consistent manner. For instance, B3 adds variables (@state-info-text) that are shared by forms and alerts.\r\n\r\nB3 also eschews color names (@red) for more semantic state names (@brand-danger). This enforces greater consistency by removing one degree of indirection. The old path was #ff0000 -> @red -> danger; the new one is #ff0000 -> danger. Of course if you need a set palette, you still have the choice to set your own variables.\r\n\r\nIf you\u2019re simply overriding the default CSS, that\u2019s easier too thanks to the simplified code that comes with flat design. In many instances, you only need to override the property of interest (color or background-color), rather than playing whack-a-mole with borders, box shadows, and gradients that are coupled with it. And anecdotally speaking, the specificity of Bootstrap has loosened up, meaning you don\u2019t have to use a five-combo selectors to override most things.", "created_date": "2017-08-27T08:21:22.526Z", "published_date": "2017-08-27T08:21:30.136Z"}}, {"model": "blog.post", "pk": 12, "fields": {"author": 1, "title": "Bootswatch 3.0 on the way", "text": "With the impending release of Bootstrap 3.0, Bootswatch will be hot on its heels. You can expect an overhaul of the Bootswatch site, along with alpha versions of 3.0 themes, to go live in the coming weeks.\r\n\r\nWhile we\u2019re excited about this transition, one thing to watch for are hotlinks you\u2019ve made in the past to the Bootswatch site. Bootstrap 3.0 represents a complete break from the 2.x API, which means that the updated themes will not be compatible with old Bootstrap markup.\r\n\r\nPlease update these links as soon as possible. You\u2019ll be able to download the old versions of the themes at bootswatch.com/2/, or you can immediately start linking to them using BootstrapCDN.\r\n\r\nSee you at the big 3.0.", "created_date": "2017-08-27T08:21:59.051Z", "published_date": "2017-08-27T08:22:03.893Z"}}, {"model": "blog.post", "pk": 13, "fields": {"author": 1, "title": "Bootswatch Year 1", "text": "One year ago, Bootswatch was born.\r\n\r\nI had just used Bootstrap for a small site, and it seemed that everyone else was using it too. I searched for a Bootstrap theme though, and was surprised that I couldn\u2019t find a single one \u2014 all the more so given that Bootstrap was written in LESS and practically begging to be customized.\r\n\r\nAnd so over a weekend, I hammered out a few themes. After being featured on the front page of Hacker News, it snowballed from a weekend project into, well, a year-long project and counting. And in that time, the themes evolved, others built on top of them, and the site notched over a million visits!\r\n\r\nGraphs are always fun, so in celebration of this momentous occasion, I present the relative popularity (in downloads) of the themes over the past year.", "created_date": "2017-08-27T08:22:50.486Z", "published_date": "2017-08-27T08:22:55.331Z"}}, {"model": "blog.post", "pk": 14, "fields": {"author": 1, "title": "Cosmo: A free Metro-inspired Bootstrap theme", "text": "A whole ecosystem of tools and services has sprung up around Bootstrap. To help you keep up with all the goings-on, here\u2019s a roundup of interesting projects I\u2019ve come across lately.\r\n\r\nJetstrap is a web-based tool for building Bootstrap pages. It has a slick drag-and-drop interface but still outputs clean code. Whether you\u2019re comfortable with code or not, it\u2019s a major time-saver, so check it out.\r\n\r\nBootstrap theme rollers are getting better and better. Two of the best yet are Bootswatchr and Bootswatcher (no relation). The former makes it dead simple to experiment with LESS, while the latter lets you to take a Bootswatch theme as a starting point and modify it.\r\n\r\nA couple of projects using Bootswatch that might be of interest to you. Strapdown.js is a library for generating Markdown pages. FusionLeaf is an open-source CMS geared toward developers.\r\n\r\nWork has started again on jQuery UI Bootstrap, a jQuery UI theme that\u2019s compatible with Bootstrap. How great would it be to seamlessly use these two great frameworks together? They are seeking developers to help bring it up to date though, so stop by and see if you can contribute.\r\n\r\nFinally, Bootswatch themes have been updated to 2.2.1. Check out the Bootstrap blog post to see what\u2019s been changed in 2.2.", "created_date": "2017-08-27T08:23:25.403Z", "published_date": "2017-08-27T08:23:29.335Z"}}, {"model": "blog.post", "pk": 15, "fields": {"author": 1, "title": "Caveats", "text": "The bookmarklet won\u2019t work perfectly with bootstrap-responsive.css, since it appends the stylesheets after it.\r\n\r\nFor pages that are heavily customized and use Bootstrap more as an underlying framework than a theme, a lot of the swatch styles will be overridden.\r\n\r\nThere\u2019s no substitute for attentive design tailored to the content, even when using a theme. This bookmarklet is meant to give you a rough feel for how the page would look with a particular theme, not the optimal look.", "created_date": "2017-08-27T08:23:53.653Z", "published_date": "2017-08-27T08:23:58.801Z"}}, {"model": "blog.post", "pk": 16, "fields": {"author": 1, "title": "Bootstrap", "text": "Build responsive, mobile-first projects on the web with the world's most popular front-end component library.\r\n\r\nBootstrap is an open source toolkit for developing with HTML, CSS, and JS. Quickly prototype your ideas or build your entire app with our Sass variables and mixins, responsive grid system, extensive prebuilt components, and powerful plugins built on jQuery.\r\n\r\nGet started\r\nDownload", "created_date": "2017-08-27T08:24:16.686Z", "published_date": "2017-08-27T08:24:22.655Z"}}, {"model": "blog.post", "pk": 17, "fields": {"author": 1, "title": "Bootstrap 4 Alpha 6", "text": "Alpha 6 has landed, and it\u2019s one of our biggest ships to date. We\u2019ve rewritten our grid system and all major components in flexbox, forging ahead with it as our default layout option as we drop IE9 support. With 700 commits since our last release, we have some catching up to do.\r\n\r\nRead one for highlights from this release. We also recommend reviewing the ship list and milestone for a more detailed look at what\u2019s changed.\r\n\r\nEmbracing Flexbox\r\nBootstrap 4 is now flexbox by default! Flexbox is an immensely powerful layout tool, providing unparalleled flexibility (hah) and control to our grid system and core components. It comes at the cost of dropping IE9 support, but brings significant improvements to component layout, alignment, and sizing.", "created_date": "2017-08-27T08:24:50.286Z", "published_date": "2017-08-27T08:25:44.122Z"}}, {"model": "blog.post", "pk": 18, "fields": {"author": 1, "title": "Responsive utilities and the great infix", "text": "With Alpha 6, we\u2019ve made Bootstrap\u2019s extensive suite of utilities\u2014including classes for display, float, and flexbox, and more\u2014completely responsive. To keep these class names as approachable and representative of their scope as possible, we\u2019ve also made two important changes to their naming scheme.\r\n\r\nFirst, we\u2019ve dropped the -xs infix from our lowest (extra small) breakpoint. xs isn\u2019t a responsive breakpoint quite like sm, md, lg, and xl because it doesn\u2019t start applying styles at a min-width and up. It simply applies to everything as there\u2019s no bounding @media query.\r\n\r\nSecond, we\u2019ve renamed several classes to better articulate their property-value pairings. Instead of pull, we use float. Instead of creating new names for the various flexbox properties, we start with the property name.\r\n\r\nPut that all together and you end up with updated classes like .col-6, .d-none, .float-right, .d-md-flex, .justify-content-end, and .text-lg-left. These new classes bring immense power and customization to folks building with Bootstrap. They also make it easier for those migrating from v3 with clearer mappings to legacy class names.", "created_date": "2017-08-27T08:25:21.729Z", "published_date": "2017-08-27T08:25:26.969Z"}}, {"model": "blog.post", "pk": 19, "fields": {"author": 1, "title": "Updated navbar", "text": "As mentioned in our last release, the Alpha 5 navbar was a little half baked. This time around, we\u2019re completely baked. No, but seriously, the navbar has been rewritten to provide better built-in responsive behaviors and improved layout customization thanks to our move to flexbox.\r\nHere\u2019s the rundown on what\u2019s changed:\r\n\r\nNavbars are built with flexbox! Instead of floats, you\u2019ll need flexbox and margin utilities.\r\nNavbar navs no longer require the .nav base class. While it provided a starting point, these shared styles often got in the way of navbar behaviors. Now it\u2019s just .navbar-nav and utilities for alignment.\r\nThe .navbar-toggleable classes are now applied to the .navbar instead of the .collapse within. This allows us to provide better responsive behavior with just one class change.\r\nThe responsive navbar toggle, .navbar-toggler, has also been updated. The icon is once again a child element, .navbar-toggler-icon, for improved customization. It also includes easy modifiers for absolutely aligning it to the top right or top left.\r\nCheck out the navbar docs to learn more and see it in action.", "created_date": "2017-08-27T08:26:12.533Z", "published_date": null}}, {"model": "blog.post", "pk": 20, "fields": {"author": 1, "title": "Up next, our first beta", "text": "Like you, we\u2019re very much ready for our first beta release. Luckily, we\u2019re in great shape to get there from this alpha. We have the fewest open issues and pulls we\u2019ve had in easily the last 18 months, and the contributions from the community have been outstanding. As we head to our first beta, we\u2019ll be focused on not adding anything new, ideally making as few breaking changes as possible, and emphasizing documentation quality and bug fixes.\r\n\r\nWe need your help to get there though. Please dive into this latest release and continue to report bugs and submit pull requests as you can. Every bit helps us improve the next release!\r\n\r\nFor more details on this release\u2019s changes, take a look at the Alpha 6 ship list issue, as well as the closed Alpha 6 milestone. Be sure to join our official Slack room! and dive into our issue tracker with bug reports, questions, and general feedback whenever possible.", "created_date": "2017-08-27T08:26:34.455Z", "published_date": null}}]